ListingImageUrl1,ListingRating,ListingName,ListingLink1,ListingDescription1,ListingIconUrl,ListingImageUrl2,ListingUrl,ListingReviewCount,ListingDescription2,ListingDescription3,SellerHq,ListingScrapeDate,ListingRank,ListingLastUpdated,ListingSellerName
"//images.saasworthy.com/tr:w-160,h-0,c-at_max,e-sharpen-1/swiftproxy_48564_logo_1718282822_t6q4a.png",,Swiftproxy,,Top-Quality Proxies with Better Prices,"//images.saasworthy.com/tr:w-160,h-0,c-at_max,e-sharpen-1/swiftproxy_48564_logo_1718282822_t6q4a.png",,https://www.saasworthy.com/product/swiftproxy-software,,,,,,,"Updated on: June 16, 2024",
"//images.saasworthy.com/tr:w-160,h-0,c-at_max,e-sharpen-1/apiverve_48565_logo_1718339149_zpex1.jpg",,APIVerve,,"Fast, Scalable, and Reliable WebApps","//images.saasworthy.com/tr:w-160,h-0,c-at_max,e-sharpen-1/apiverve_48565_logo_1718339149_zpex1.jpg",,https://www.saasworthy.com/product/apiverve,,,,,,,"Updated on: June 16, 2024",
"//images.saasworthy.com/tr:w-160,h-0,c-at_max,e-sharpen-1/plansom_48566_logo_1718342426_gbgnd.jpg",,Plansom,,The AI App that helps you Succeed,"//images.saasworthy.com/tr:w-160,h-0,c-at_max,e-sharpen-1/plansom_48566_logo_1718342426_gbgnd.jpg",,https://www.saasworthy.com/product/plansom,,,,,,,"Updated on: June 16, 2024",
"//images.saasworthy.com/tr:w-160,h-0,c-at_max,e-sharpen-1/pipedrivecrm_123_logo_1708948064_nrwju.png",4.5,Pipedrive CRM,,"Streamline your sales process: Comprehensive, automated, and data-driven.","//images.saasworthy.com/tr:w-160,h-0,c-at_max,e-sharpen-1/pipedrivecrm_123_logo_1708948064_nrwju.png",,https://www.saasworthy.com/product/pipedrive,,,,,,,"Updated on: June 16, 2024",
"//images.saasworthy.com/tr:w-160,h-0,c-at_max,e-sharpen-1/firmroom_2906_logo_1706757893_gcoqg.svg",4.5,FirmRoom Pricing,,Virtual Data Room with Collaboration and Communication,"//images.saasworthy.com/tr:w-160,h-0,c-at_max,e-sharpen-1/firmroom_2906_logo_1706757893_gcoqg.svg",,https://www.saasworthy.com/product/firmroom/pricing,94,,,,,,"Updated on: June 16, 2024",
"//images.saasworthy.com/tr:w-160,h-0,c-at_max,e-sharpen-1/firmroom_2906_logo_1706757893_gcoqg.svg",4.5,FirmRoom,,Virtual Data Room with Collaboration and Communication,"//images.saasworthy.com/tr:w-160,h-0,c-at_max,e-sharpen-1/firmroom_2906_logo_1706757893_gcoqg.svg",,https://www.saasworthy.com/product/firmroom,94,,,,,,"Updated on: June 16, 2024",
"//images.saasworthy.com/tr:w-160,h-0,c-at_max,e-sharpen-1/sharevault_10990_logo_1706758233_abl3s.jpg",4.6,ShareVault Pricing,,Virtual Data Room Provider,"//images.saasworthy.com/tr:w-160,h-0,c-at_max,e-sharpen-1/sharevault_10990_logo_1706758233_abl3s.jpg",,https://www.saasworthy.com/product/sharevault/pricing,101,,,,,,"Updated on: June 16, 2024",
"//images.saasworthy.com/tr:w-160,h-0,c-at_max,e-sharpen-1/sharevault_10990_logo_1706758233_abl3s.jpg",4.6,ShareVault,,Virtual Data Room Provider,"//images.saasworthy.com/tr:w-160,h-0,c-at_max,e-sharpen-1/sharevault_10990_logo_1706758233_abl3s.jpg",,https://www.saasworthy.com/product/sharevault,101,,,,,,"Updated on: June 16, 2024",
"//images.saasworthy.com/tr:w-160,h-0,c-at_max,e-sharpen-1/ansarada_10199_logo_1706757944_cxlwr.png",4.7,Ansarada Pricing,,Turn your opportunity into a win ,"//images.saasworthy.com/tr:w-160,h-0,c-at_max,e-sharpen-1/ansarada_10199_logo_1706757944_cxlwr.png",,https://www.saasworthy.com/product/ansarada/pricing,200,,,,,,"Updated on: June 16, 2024",
"//images.saasworthy.com/tr:w-160,h-0,c-at_max,e-sharpen-1/ansarada_10199_logo_1706757944_cxlwr.png",4.7,Ansarada,,Turn your opportunity into a win ,"//images.saasworthy.com/tr:w-160,h-0,c-at_max,e-sharpen-1/ansarada_10199_logo_1706757944_cxlwr.png",,https://www.saasworthy.com/product/ansarada,200,,,,,,"Updated on: June 16, 2024",
"//images.saasworthy.com/tr:w-160,h-0,c-at_max,e-sharpen-1/firmexvirtualdataroom_10993_logo_1706758029_8ooij.png",4.7,Firmex Virtual Data Room Pricing,,The world’s most trusted virtual data room,"//images.saasworthy.com/tr:w-160,h-0,c-at_max,e-sharpen-1/firmexvirtualdataroom_10993_logo_1706758029_8ooij.png",,https://www.saasworthy.com/product/firmex-virtual-data-room/pricing,156,,,,,,"Updated on: June 16, 2024",
"//images.saasworthy.com/tr:w-160,h-0,c-at_max,e-sharpen-1/firmexvirtualdataroom_10993_logo_1706758029_8ooij.png",4.7,Firmex Virtual Data Room,,The world’s most trusted virtual data room,"//images.saasworthy.com/tr:w-160,h-0,c-at_max,e-sharpen-1/firmexvirtualdataroom_10993_logo_1706758029_8ooij.png",,https://www.saasworthy.com/product/firmex-virtual-data-room,156,,,,,,"Updated on: June 16, 2024",
"//images.saasworthy.com/tr:w-160,h-0,c-at_max,e-sharpen-1/idealsvirtualdataroom_10502_logo_1706758347_gce1e.png",4.8,iDeals Virtual Data Room Pricing,,Get a Secure Data Room,"//images.saasworthy.com/tr:w-160,h-0,c-at_max,e-sharpen-1/idealsvirtualdataroom_10502_logo_1706758347_gce1e.png",,https://www.saasworthy.com/product/ideals-virtual-data-room/pricing,419,,,,,,"Updated on: June 16, 2024",
"//images.saasworthy.com/tr:w-160,h-0,c-at_max,e-sharpen-1/idealsvirtualdataroom_10502_logo_1706758347_gce1e.png",4.8,iDeals Virtual Data Room,,Get a Secure Data Room,"//images.saasworthy.com/tr:w-160,h-0,c-at_max,e-sharpen-1/idealsvirtualdataroom_10502_logo_1706758347_gce1e.png",,https://www.saasworthy.com/product/ideals-virtual-data-room,419,,,,,,"Updated on: June 16, 2024",
"//images.saasworthy.com/tr:w-160,h-0,c-at_max,e-sharpen-1/digify_9190_logo_1706758077_nod6x.png",4.9,Digify Pricing,,A one-stop-solution to track and control sent files,"//images.saasworthy.com/tr:w-160,h-0,c-at_max,e-sharpen-1/digify_9190_logo_1706758077_nod6x.png",,https://www.saasworthy.com/product/digify/pricing,157,,,,,,"Updated on: June 16, 2024",
"//images.saasworthy.com/tr:w-160,h-0,c-at_max,e-sharpen-1/digify_9190_logo_1706758077_nod6x.png",4.9,Digify,,A one-stop-solution to track and control sent files,"//images.saasworthy.com/tr:w-160,h-0,c-at_max,e-sharpen-1/digify_9190_logo_1706758077_nod6x.png",,https://www.saasworthy.com/product/digify,157,,,,,,"Updated on: June 16, 2024",
"//images.saasworthy.com/tr:w-160,h-0,c-at_max,e-sharpen-1/securedocsvirtualdataroom_10989_logo_1706758121_rljud.png",4.9,SecureDocs Virtual Data Room Pricing,,The Fastest Virtual Data Room to Get Deal Ready,"//images.saasworthy.com/tr:w-160,h-0,c-at_max,e-sharpen-1/securedocsvirtualdataroom_10989_logo_1706758121_rljud.png",,https://www.saasworthy.com/product/securedocs-virtual-data-room/pricing,176,,,,,,"Updated on: June 16, 2024",
"//images.saasworthy.com/tr:w-160,h-0,c-at_max,e-sharpen-1/securedocsvirtualdataroom_10989_logo_1706758121_rljud.png",4.9,SecureDocs Virtual Data Room,,The Fastest Virtual Data Room to Get Deal Ready,"//images.saasworthy.com/tr:w-160,h-0,c-at_max,e-sharpen-1/securedocsvirtualdataroom_10989_logo_1706758121_rljud.png",,https://www.saasworthy.com/product/securedocs-virtual-data-room,176,,,,,,"Updated on: June 16, 2024",
"//images.saasworthy.com/tr:w-160,h-0,c-at_max,e-sharpen-1/salesforce_121_logo_1708693126_mbvzc.png",4.3,Salesforce,,Monitor the entire journey of individual clients within a unified platform,"//images.saasworthy.com/tr:w-160,h-0,c-at_max,e-sharpen-1/salesforce_121_logo_1708693126_mbvzc.png",,https://www.saasworthy.com/product/salesforce,,,,,,,"Updated on: June 16, 2024",
"//images.saasworthy.com/tr:w-160,h-0,c-at_max,e-sharpen-1/zohocrm_115_logo_1708690055_kzgj8.png",4.2,Zoho CRM,,A fully-featured CRM software,"//images.saasworthy.com/tr:w-160,h-0,c-at_max,e-sharpen-1/zohocrm_115_logo_1708690055_kzgj8.png",,https://www.saasworthy.com/product/zoho-crm,,,,,,,"Updated on: June 16, 2024",
"//images.saasworthy.com/tr:w-160,h-0,c-at_max,e-sharpen-1/topbuilder_48567_logo_1718343317_069fy.jpg",,TopBuilder,,Software designed for Contractors and Home Builders,"//images.saasworthy.com/tr:w-160,h-0,c-at_max,e-sharpen-1/topbuilder_48567_logo_1718343317_069fy.jpg",,https://www.saasworthy.com/product/topbuilder-software,,,,,,,"Updated on: June 16, 2024",
"//images.saasworthy.com/tr:w-160,h-0,c-at_max,e-sharpen-1/motiff_48568_logo_1718344848_zws8x.png",,Motiff,,Design Tool for AI Era,"//images.saasworthy.com/tr:w-160,h-0,c-at_max,e-sharpen-1/motiff_48568_logo_1718344848_zws8x.png",,https://www.saasworthy.com/product/motiff,,,,,,,"Updated on: June 16, 2024",
"//images.saasworthy.com/tr:w-160,h-0,c-at_max,e-sharpen-1/linkedcrmai_48572_logo_1718356346_5q7vk.png",,LinkedCRM AI,,AI-Driven workflow for you,"//images.saasworthy.com/tr:w-160,h-0,c-at_max,e-sharpen-1/linkedcrmai_48572_logo_1718356346_5q7vk.png",,https://www.saasworthy.com/product/linkedcrm-ai,,,,,,,"Updated on: June 16, 2024",
"//images.saasworthy.com/tr:w-160,h-0,c-at_max,e-sharpen-1/indieaffiliates_48573_logo_1718357292_ibbou.png",,Indie Affiliates,,Share your Affiliate Marketing program in a few minutes,"//images.saasworthy.com/tr:w-160,h-0,c-at_max,e-sharpen-1/indieaffiliates_48573_logo_1718357292_ibbou.png",,https://www.saasworthy.com/product/indie-affiliates-co,,,,,,,"Updated on: June 16, 2024",
"//images.saasworthy.com/tr:w-160,h-0,c-at_max,e-sharpen-1/wearelearning_48574_logo_1718364341_rhyec.jpg",,We Are Learning,,Create incredible Training Content Explainer Videos in minutes,"//images.saasworthy.com/tr:w-160,h-0,c-at_max,e-sharpen-1/wearelearning_48574_logo_1718364341_rhyec.jpg",,https://www.saasworthy.com/product/we-are-learning,,,,,,,"Updated on: June 16, 2024",
